{"type": "Collection Version", "uuid": "33911", "id": "20240222", "short_code": "billing", "name": "Billing", "full_name": "Billing & Stocks", "description": "20240222", "collection_type": "Dictionary", "custom_validation_schema": "OpenMRS", "public_access": "View", "default_locale": "en", "supported_locales": ["en"], "website": null, "url": "/orgs/OHRITechGroup/collections/billing/", "owner": "OHRITechGroup", "owner_type": "Organization", "owner_url": "/orgs/OHRITechGroup/", "version_url": "/orgs/OHRITechGroup/collections/billing/20240222/", "previous_version_url": "/orgs/OHRITechGroup/collections/billing/", "created_on": "2024-02-22T10:12:11.428447Z", "updated_on": "2024-02-22T10:12:15.110980Z", "created_by": "wamathaga", "updated_by": "wamathaga", "extras": {}, "external_id": null, "version": "20240222", "concepts_url": "/orgs/OHRITechGroup/collections/billing/20240222/concepts/", "mappings_url": "/orgs/OHRITechGroup/collections/billing/20240222/mappings/", "expansions_url": "/orgs/OHRITechGroup/collections/billing/20240222/expansions/", "is_processing": true, "released": false, "retired": false, "canonical_url": null, "identifier": {}, "publisher": null, "contact": {}, "jurisdiction": {}, "purpose": null, "copyright": null, "meta": null, "immutable": null, "revision_date": null, "text": null, "experimental": null, "locked_date": null, "autoexpand": true, "expansion_url": "/orgs/OHRITechGroup/collections/billing/20240222/expansions/autoexpand-20240222/", "checksums": {"smart": "f798e6a33bd5963e9e92588ee3b342e2", "standard": "55103533e8d04a062c605f203ee10305"}, "collection": {"id": "billing", "url": "/orgs/OHRITechGroup/collections/billing/", "meta": null, "name": "Billing", "text": null, "type": "Collection", "uuid": "33909", "owner": "OHRITechGroup", "extras": {}, "contact": {}, "purpose": null, "version": "HEAD", "website": null, "logo_url": null, "checksums": {"smart": "f798e6a33bd5963e9e92588ee3b342e2", "standard": "55103533e8d04a062c605f203ee10305"}, "copyright": null, "full_name": "Billing & Stocks", "immutable": null, "owner_url": "/orgs/OHRITechGroup/", "publisher": null, "created_by": "wamathaga", "created_on": "2024-02-22T09:36:20.278526Z", "identifier": {}, "owner_type": "Organization", "short_code": "billing", "updated_by": "wamathaga", "updated_on": "2024-02-22T10:11:00.348803Z", "description": null, "external_id": null, "locked_date": null, "concepts_url": "/orgs/OHRITechGroup/collections/billing/concepts/", "experimental": null, "jurisdiction": {}, "mappings_url": "/orgs/OHRITechGroup/collections/billing/mappings/", "versions_url": "/orgs/OHRITechGroup/collections/billing/versions/", "canonical_url": null, "expansion_url": "/orgs/OHRITechGroup/collections/billing/HEAD/expansions/autoexpand-HEAD/", "public_access": "View", "revision_date": null, "default_locale": "en", "expansions_url": "/orgs/OHRITechGroup/collections/billing/expansions/", "autoexpand_head": true, "collection_type": "Dictionary", "preferred_source": "", "supported_locales": ["en"], "custom_validation_schema": "OpenMRS", "custom_resources_linked_source": ""}, "concepts": [], "references": [{"expression": "/orgs/CIEL/sources/CIEL/concepts/168886/", "reference_type": "concepts", "id": 5408069, "last_resolved_at": "2024-02-22T10:12:14.917219Z", "uri": "/orgs/OHRITechGroup/collections/billing/20240222/references/5408069/", "uuid": "5408069", "include": true, "type": "CollectionReference"}, {"expression": "/orgs/CIEL/sources/CIEL/concepts/168885/", "reference_type": "concepts", "id": 5408068, "last_resolved_at": "2024-02-22T10:12:14.837247Z", "uri": "/orgs/OHRITechGroup/collections/billing/20240222/references/5408068/", "uuid": "5408068", "include": true, "type": "CollectionReference"}, {"expression": "/orgs/CIEL/sources/CIEL/concepts/168884/", "reference_type": "concepts", "id": 5408067, "last_resolved_at": "2024-02-22T10:12:14.767428Z", "uri": "/orgs/OHRITechGroup/collections/billing/20240222/references/5408067/", "uuid": "5408067", "include": true, "type": "CollectionReference"}, {"expression": "/orgs/CIEL/sources/CIEL/concepts/168883/", "reference_type": "concepts", "id": 5408066, "last_resolved_at": "2024-02-22T10:12:14.704454Z", "uri": "/orgs/OHRITechGroup/collections/billing/20240222/references/5408066/", "uuid": "5408066", "include": true, "type": "CollectionReference"}, {"expression": "/orgs/CIEL/sources/CIEL/concepts/168882/", "reference_type": "concepts", "id": 5408065, "last_resolved_at": "2024-02-22T10:12:14.652899Z", "uri": "/orgs/OHRITechGroup/collections/billing/20240222/references/5408065/", "uuid": "5408065", "include": true, "type": "CollectionReference"}, {"expression": "/orgs/CIEL/sources/CIEL/concepts/168881/", "reference_type": "concepts", "id": 5408064, "last_resolved_at": "2024-02-22T10:12:14.601486Z", "uri": "/orgs/OHRITechGroup/collections/billing/20240222/references/5408064/", "uuid": "5408064", "include": true, "type": "CollectionReference"}, {"expression": "/orgs/CIEL/sources/CIEL/concepts/168880/", "reference_type": "concepts", "id": 5408063, "last_resolved_at": "2024-02-22T10:12:14.547201Z", "uri": "/orgs/OHRITechGroup/collections/billing/20240222/references/5408063/", "uuid": "5408063", "include": true, "type": "CollectionReference"}, {"expression": "/orgs/CIEL/sources/CIEL/concepts/168879/", "reference_type": "concepts", "id": 5408062, "last_resolved_at": "2024-02-22T10:12:14.467245Z", "uri": "/orgs/OHRITechGroup/collections/billing/20240222/references/5408062/", "uuid": "5408062", "include": true, "type": "CollectionReference"}, {"expression": "/orgs/CIEL/sources/CIEL/concepts/168878/", "reference_type": "concepts", "id": 5408061, "last_resolved_at": "2024-02-22T10:12:14.377256Z", "uri": "/orgs/OHRITechGroup/collections/billing/20240222/references/5408061/", "uuid": "5408061", "include": true, "type": "CollectionReference"}, {"expression": "/orgs/CIEL/sources/CIEL/concepts/168877/", "reference_type": "concepts", "id": 5408060, "last_resolved_at": "2024-02-22T10:12:14.277243Z", "uri": "/orgs/OHRITechGroup/collections/billing/20240222/references/5408060/", "uuid": "5408060", "include": true, "type": "CollectionReference"}, {"expression": "/orgs/CIEL/sources/CIEL/concepts/168876/", "reference_type": "concepts", "id": 5408059, "last_resolved_at": "2024-02-22T10:12:14.168436Z", "uri": "/orgs/OHRITechGroup/collections/billing/20240222/references/5408059/", "uuid": "5408059", "include": true, "type": "CollectionReference"}, {"expression": "/orgs/CIEL/sources/CIEL/concepts/168875/", "reference_type": "concepts", "id": 5408058, "last_resolved_at": "2024-02-22T10:12:14.103214Z", "uri": "/orgs/OHRITechGroup/collections/billing/20240222/references/5408058/", "uuid": "5408058", "include": true, "type": "CollectionReference"}, {"expression": "/orgs/CIEL/sources/CIEL/concepts/168874/", "reference_type": "concepts", "id": 5408057, "last_resolved_at": "2024-02-22T10:12:14.031514Z", "uri": "/orgs/OHRITechGroup/collections/billing/20240222/references/5408057/", "uuid": "5408057", "include": true, "type": "CollectionReference"}, {"expression": "/orgs/CIEL/sources/CIEL/concepts/168873/", "reference_type": "concepts", "id": 5408056, "last_resolved_at": "2024-02-22T10:12:13.966267Z", "uri": "/orgs/OHRITechGroup/collections/billing/20240222/references/5408056/", "uuid": "5408056", "include": true, "type": "CollectionReference"}, {"expression": "/orgs/CIEL/sources/CIEL/concepts/168872/", "reference_type": "concepts", "id": 5408055, "last_resolved_at": "2024-02-22T10:12:13.897244Z", "uri": "/orgs/OHRITechGroup/collections/billing/20240222/references/5408055/", "uuid": "5408055", "include": true, "type": "CollectionReference"}, {"expression": "/orgs/CIEL/sources/CIEL/concepts/168871/", "reference_type": "concepts", "id": 5408054, "last_resolved_at": "2024-02-22T10:12:13.807234Z", "uri": "/orgs/OHRITechGroup/collections/billing/20240222/references/5408054/", "uuid": "5408054", "include": true, "type": "CollectionReference"}, {"expression": "/orgs/CIEL/sources/CIEL/concepts/168870/", "reference_type": "concepts", "id": 5408053, "last_resolved_at": "2024-02-22T10:12:13.707240Z", "uri": "/orgs/OHRITechGroup/collections/billing/20240222/references/5408053/", "uuid": "5408053", "include": true, "type": "CollectionReference"}, {"expression": "/orgs/CIEL/sources/CIEL/concepts/168869/", "reference_type": "concepts", "id": 5408052, "last_resolved_at": "2024-02-22T10:12:13.646368Z", "uri": "/orgs/OHRITechGroup/collections/billing/20240222/references/5408052/", "uuid": "5408052", "include": true, "type": "CollectionReference"}, {"expression": "/orgs/CIEL/sources/CIEL/concepts/168868/", "reference_type": "concepts", "id": 5408051, "last_resolved_at": "2024-02-22T10:12:13.547240Z", "uri": "/orgs/OHRITechGroup/collections/billing/20240222/references/5408051/", "uuid": "5408051", "include": true, "type": "CollectionReference"}, {"expression": "/orgs/CIEL/sources/CIEL/concepts/168867/", "reference_type": "concepts", "id": 5408050, "last_resolved_at": "2024-02-22T10:12:13.457258Z", "uri": "/orgs/OHRITechGroup/collections/billing/20240222/references/5408050/", "uuid": "5408050", "include": true, "type": "CollectionReference"}, {"expression": "/orgs/CIEL/sources/CIEL/concepts/168866/", "reference_type": "concepts", "id": 5408049, "last_resolved_at": "2024-02-22T10:12:13.390432Z", "uri": "/orgs/OHRITechGroup/collections/billing/20240222/references/5408049/", "uuid": "5408049", "include": true, "type": "CollectionReference"}, {"expression": "/orgs/CIEL/sources/CIEL/concepts/168865/", "reference_type": "concepts", "id": 5408048, "last_resolved_at": "2024-02-22T10:12:13.307315Z", "uri": "/orgs/OHRITechGroup/collections/billing/20240222/references/5408048/", "uuid": "5408048", "include": true, "type": "CollectionReference"}, {"expression": "/orgs/CIEL/sources/CIEL/concepts/168864/", "reference_type": "concepts", "id": 5408047, "last_resolved_at": "2024-02-22T10:12:13.254151Z", "uri": "/orgs/OHRITechGroup/collections/billing/20240222/references/5408047/", "uuid": "5408047", "include": true, "type": "CollectionReference"}, {"expression": "/orgs/CIEL/sources/CIEL/concepts/168863/", "reference_type": "concepts", "id": 5408046, "last_resolved_at": "2024-02-22T10:12:13.187223Z", "uri": "/orgs/OHRITechGroup/collections/billing/20240222/references/5408046/", "uuid": "5408046", "include": true, "type": "CollectionReference"}, {"expression": "/orgs/CIEL/sources/CIEL/concepts/168862/", "reference_type": "concepts", "id": 5408045, "last_resolved_at": "2024-02-22T10:12:13.107218Z", "uri": "/orgs/OHRITechGroup/collections/billing/20240222/references/5408045/", "uuid": "5408045", "include": true, "type": "CollectionReference"}, {"expression": "/orgs/CIEL/sources/CIEL/concepts/168861/", "reference_type": "concepts", "id": 5408044, "last_resolved_at": "2024-02-22T10:12:13.037232Z", "uri": "/orgs/OHRITechGroup/collections/billing/20240222/references/5408044/", "uuid": "5408044", "include": true, "type": "CollectionReference"}, {"expression": "/orgs/CIEL/sources/CIEL/concepts/168860/", "reference_type": "concepts", "id": 5408043, "last_resolved_at": "2024-02-22T10:12:12.970763Z", "uri": "/orgs/OHRITechGroup/collections/billing/20240222/references/5408043/", "uuid": "5408043", "include": true, "type": "CollectionReference"}, {"expression": "/orgs/CIEL/sources/CIEL/concepts/168859/", "reference_type": "concepts", "id": 5408042, "last_resolved_at": "2024-02-22T10:12:12.907237Z", "uri": "/orgs/OHRITechGroup/collections/billing/20240222/references/5408042/", "uuid": "5408042", "include": true, "type": "CollectionReference"}, {"expression": "/orgs/CIEL/sources/CIEL/concepts/168858/", "reference_type": "concepts", "id": 5408041, "last_resolved_at": "2024-02-22T10:12:12.864506Z", "uri": "/orgs/OHRITechGroup/collections/billing/20240222/references/5408041/", "uuid": "5408041", "include": true, "type": "CollectionReference"}, {"expression": "/orgs/CIEL/sources/CIEL/concepts/168857/", "reference_type": "concepts", "id": 5408040, "last_resolved_at": "2024-02-22T10:12:12.775318Z", "uri": "/orgs/OHRITechGroup/collections/billing/20240222/references/5408040/", "uuid": "5408040", "include": true, "type": "CollectionReference"}, {"expression": "/orgs/CIEL/sources/CIEL/concepts/168856/", "reference_type": "concepts", "id": 5408039, "last_resolved_at": "2024-02-22T10:12:12.687259Z", "uri": "/orgs/OHRITechGroup/collections/billing/20240222/references/5408039/", "uuid": "5408039", "include": true, "type": "CollectionReference"}, {"expression": "/orgs/CIEL/sources/CIEL/concepts/168855/", "reference_type": "concepts", "id": 5408038, "last_resolved_at": "2024-02-22T10:12:12.597247Z", "uri": "/orgs/OHRITechGroup/collections/billing/20240222/references/5408038/", "uuid": "5408038", "include": true, "type": "CollectionReference"}, {"expression": "/orgs/CIEL/sources/CIEL/concepts/168854/", "reference_type": "concepts", "id": 5408037, "last_resolved_at": "2024-02-22T10:12:12.517269Z", "uri": "/orgs/OHRITechGroup/collections/billing/20240222/references/5408037/", "uuid": "5408037", "include": true, "type": "CollectionReference"}, {"expression": "/orgs/CIEL/sources/CIEL/concepts/168853/", "reference_type": "concepts", "id": 5408036, "last_resolved_at": "2024-02-22T10:12:12.447266Z", "uri": "/orgs/OHRITechGroup/collections/billing/20240222/references/5408036/", "uuid": "5408036", "include": true, "type": "CollectionReference"}, {"expression": "/orgs/CIEL/sources/CIEL/concepts/168851/", "reference_type": "concepts", "id": 5408035, "last_resolved_at": "2024-02-22T10:12:12.380890Z", "uri": "/orgs/OHRITechGroup/collections/billing/20240222/references/5408035/", "uuid": "5408035", "include": true, "type": "CollectionReference"}, {"expression": "/orgs/CIEL/sources/CIEL/concepts/168849/", "reference_type": "concepts", "id": 5408034, "last_resolved_at": "2024-02-22T10:12:12.326155Z", "uri": "/orgs/OHRITechGroup/collections/billing/20240222/references/5408034/", "uuid": "5408034", "include": true, "type": "CollectionReference"}, {"expression": "/orgs/CIEL/sources/CIEL/concepts/168848/", "reference_type": "concepts", "id": 5408033, "last_resolved_at": "2024-02-22T10:12:12.227256Z", "uri": "/orgs/OHRITechGroup/collections/billing/20240222/references/5408033/", "uuid": "5408033", "include": true, "type": "CollectionReference"}, {"expression": "/orgs/CIEL/sources/CIEL/concepts/168847/", "reference_type": "concepts", "id": 5408032, "last_resolved_at": "2024-02-22T10:12:12.184130Z", "uri": "/orgs/OHRITechGroup/collections/billing/20240222/references/5408032/", "uuid": "5408032", "include": true, "type": "CollectionReference"}, {"expression": "/orgs/CIEL/sources/CIEL/concepts/168846/", "reference_type": "concepts", "id": 5408031, "last_resolved_at": "2024-02-22T10:12:12.127263Z", "uri": "/orgs/OHRITechGroup/collections/billing/20240222/references/5408031/", "uuid": "5408031", "include": true, "type": "CollectionReference"}, {"expression": "/orgs/CIEL/sources/CIEL/concepts/168845/", "reference_type": "concepts", "id": 5408030, "last_resolved_at": "2024-02-22T10:12:12.069476Z", "uri": "/orgs/OHRITechGroup/collections/billing/20240222/references/5408030/", "uuid": "5408030", "include": true, "type": "CollectionReference"}, {"expression": "/orgs/CIEL/sources/CIEL/concepts/168844/", "reference_type": "concepts", "id": 5408029, "last_resolved_at": "2024-02-22T10:12:12.019877Z", "uri": "/orgs/OHRITechGroup/collections/billing/20240222/references/5408029/", "uuid": "5408029", "include": true, "type": "CollectionReference"}, {"expression": "/orgs/CIEL/sources/CIEL/concepts/168843/", "reference_type": "concepts", "id": 5408028, "last_resolved_at": "2024-02-22T10:12:11.961186Z", "uri": "/orgs/OHRITechGroup/collections/billing/20240222/references/5408028/", "uuid": "5408028", "include": true, "type": "CollectionReference"}, {"expression": "/orgs/CIEL/sources/CIEL/concepts/168842/", "reference_type": "concepts", "id": 5408027, "last_resolved_at": "2024-02-22T10:12:11.881128Z", "uri": "/orgs/OHRITechGroup/collections/billing/20240222/references/5408027/", "uuid": "5408027", "include": true, "type": "CollectionReference"}, {"expression": "/orgs/CIEL/sources/CIEL/concepts/168841/", "reference_type": "concepts", "id": 5408026, "last_resolved_at": "2024-02-22T10:12:11.807259Z", "uri": "/orgs/OHRITechGroup/collections/billing/20240222/references/5408026/", "uuid": "5408026", "include": true, "type": "CollectionReference"}, {"expression": "/orgs/CIEL/sources/CIEL/concepts/168852/", "reference_type": "concepts", "id": 5408025, "last_resolved_at": "2024-02-22T10:12:11.727136Z", "uri": "/orgs/OHRITechGroup/collections/billing/20240222/references/5408025/", "uuid": "5408025", "include": true, "type": "CollectionReference"}, {"expression": "/orgs/CIEL/sources/CIEL/concepts/168850/", "reference_type": "concepts", "id": 5408024, "last_resolved_at": "2024-02-22T10:12:11.619872Z", "uri": "/orgs/OHRITechGroup/collections/billing/20240222/references/5408024/", "uuid": "5408024", "include": true, "type": "CollectionReference"}], "mappings": [], "export_time": "7.38secs"}